{
  "project_info": {
    "project_number": "110223535546",
    "project_id": "notesapp-73da2",
    "storage_bucket": "notesapp-73da2.firebasestorage.app"
  },
  "client": [
    {
      "client_info": {
        "mobilesdk_app_id": "1:110223535546:android:07396d71c5ca326cd90183",
        "android_client_info": {
          "package_name": "com.example.notesapp"
        }
      },
      "oauth_client": [],
      "api_key": [
        {
          "current_key": "AIzaSyC46VbfNcyCuOJvhAGe6e9lepgwx_GgDRk"
        }
      ],
      "services": {
        "appinvite_service": {
          "other_platform_oauth_client": []
        }
      }
    }
  ],
  "configuration_version": "1"
}